stage,method,documents,documents_covered,chunks,mean_tokens,max_tokens,chunks_at_most_1100_pct,size_compliance_pct,paragraph_integrity_proxy_pct
no_oversizing,llm_regex,11,11,1551,262.8,1097,100.0,71.1,94.5
no_oversizing,page,11,11,515,791.6,1098,100.0,99.5,98.3
no_oversizing,semantic,11,11,700,582.9,1100,100.0,82.9,80.6
no_oversizing,sentence,11,11,678,601.5,1099,100.0,97.9,90.5
raw,langch_recurs_1100,11,11,536,761.3,1101,99.6,93.4,97.7
raw,langch_recurs_default,11,11,435,943.1,1327,71.7,68.7,99.3
raw,llm_regex,11,11,1513,269.4,6031,98.1,68.6,95.5
raw,our_recurs_1100,11,11,469,869.2,1100,100.0,99.8,97.5
raw,our_recurs_600,11,11,863,472.6,600,100.0,99.5,88.7
raw,page,11,11,230,1772.3,6031,3.9,3.6,100.0
raw,semantic,11,11,473,862.5,5587,72.1,48.9,82.5
raw,sentence,11,11,570,715.4,2922,82.8,79.5,90.9
small_merged,llm_regex,11,11,1148,355.1,1124,99.9,99.9,98.8
small_merged,page,11,11,512,796.2,1132,99.6,99.5,98.3
small_merged,semantic,11,11,619,659.0,1127,99.7,99.5,82.3
small_merged,sentence,11,11,670,608.7,1138,99.7,99.9,91.0
