stage,doc_name,method,sc,bi_paragraph_proxy,icc_qwen,dcc_qwen,seconds,four_metric_proxy
raw,legal_01_privacy,langch_recurs_1100,1.0,1.0,0.6288772821426392,0.7364892959594727,10.5,0.841341644525528
raw,legal_01_privacy,langch_recurs_default,0.7096774193548387,1.0,0.6065899729728699,0.8025274276733398,8.9,0.7796987050002622
raw,legal_01_privacy,llm_regex,0.5866666666666667,0.9710144927536232,,,,
raw,legal_01_privacy,our_recurs_1100,1.0,0.9951690821256038,0.6792699694633484,0.7551187872886658,9.7,0.8573894597194045
raw,legal_01_privacy,our_recurs_600,0.9848484848484849,0.961352657004831,0.7079484462738037,0.6829439401626587,15.0,0.8342733820724446
raw,legal_01_privacy,page,0.058823529411764705,1.0,0.6041593551635742,0.8794538378715515,4.2,0.6356091806117226
raw,legal_01_privacy,semantic,0.65,0.8792270531400966,0.6865413784980774,0.6312589645385742,10.5,0.711756849044187
raw,legal_01_privacy,sentence,0.8679245283018868,0.961352657004831,0.6985234022140503,0.6751012206077576,10.8,0.8007254520321314
raw,legal_02_constitution,langch_recurs_1100,0.9285714285714286,0.9407407407407408,0.6324843764305115,0.7530955672264099,10.7,0.8137230282422727
raw,legal_02_constitution,langch_recurs_default,0.6470588235294118,0.9703703703703703,0.5950477719306946,0.7930682301521301,9.3,0.7513862989956517
raw,legal_02_constitution,llm_regex,0.5537190082644629,0.9259259259259259,,,,
raw,legal_02_constitution,our_recurs_1100,1.0,0.9407407407407408,0.715363621711731,0.7841057777404785,9.1,0.8600525350482375
raw,legal_02_constitution,our_recurs_600,0.9848484848484849,0.8740740740740741,0.712722659111023,0.7108338475227356,15.2,0.8206197663890794
raw,legal_02_constitution,page,0.10526315789473684,1.0,0.6561274528503418,0.8397989273071289,4.7,0.6502973845130519
raw,legal_02_constitution,semantic,0.4666666666666667,0.837037037037037,0.6766637563705444,0.6957405209541321,8.2,0.6690269952570951
raw,legal_02_constitution,sentence,0.75,0.9259259259259259,0.719468355178833,0.700260579586029,9.0,0.773913715172697
raw,legal_03_civil,langch_recurs_1100,0.9512195121951219,0.972972972972973,0.6149970293045044,0.7456532716751099,9.6,0.8212106965369272
raw,legal_03_civil,langch_recurs_default,0.6285714285714286,0.9864864864864865,0.6198522448539734,0.7757232189178467,9.0,0.7526583447074338
raw,legal_03_civil,llm_regex,0.5701754385964912,0.9662162162162162,,,,
raw,legal_03_civil,our_recurs_1100,0.972972972972973,0.9662162162162162,0.6921457052230835,0.7722578644752502,9.6,0.8508981897218808
raw,legal_03_civil,our_recurs_600,1.0,0.9121621621621622,0.7305158376693726,0.695521354675293,14.5,0.834549838626707
raw,legal_03_civil,page,0.10526315789473684,1.0,0.6425923705101013,0.8361121416091919,5.3,0.6459919175035075
raw,legal_03_civil,semantic,0.29411764705882354,0.8918918918918919,0.6481847167015076,0.6331726312637329,7.8,0.616841721728989
raw,legal_03_civil,sentence,0.782608695652174,0.9054054054054054,0.7329765558242798,0.6913319826126099,10.6,0.7780806598736172
raw,legal_04_criminal,langch_recurs_1100,0.972972972972973,0.9649122807017544,0.6786215305328369,0.8536635637283325,9.5,0.8675425869839742
raw,legal_04_criminal,langch_recurs_default,0.39285714285714285,1.0,0.679098904132843,0.8876895308494568,8.1,0.7399113944598606
raw,legal_04_criminal,llm_regex,0.85,1.0,,,,
raw,legal_04_criminal,our_recurs_1100,1.0,0.9649122807017544,0.7917344570159912,0.8614006042480469,9.3,0.9045118354914481
raw,legal_04_criminal,our_recurs_600,0.9846153846153847,0.8070175438596491,0.8005031943321228,0.7917988300323486,14.3,0.8459837382098763
raw,legal_04_criminal,page,0.0,1.0,0.7486464977264404,0.8733692765235901,4.3,0.6555039435625076
raw,legal_04_criminal,semantic,0.43243243243243246,0.8245614035087719,0.7552818059921265,0.7401859164237976,8.2,0.6881153895892821
raw,legal_04_criminal,sentence,0.8723404255319149,0.8070175438596491,0.8125332593917847,0.8288499712944031,10.3,0.8301853000194379
raw,legal_05_international,langch_recurs_1100,0.9555555555555556,0.9795918367346939,0.6594706773757935,0.7240338325500488,10.3,0.8296629755540229
raw,legal_05_international,langch_recurs_default,0.65625,0.9863945578231292,0.637117326259613,0.7792906165122986,8.6,0.7647631251487602
raw,legal_05_international,llm_regex,0.6260869565217392,0.9727891156462585,,,,
raw,legal_05_international,our_recurs_1100,1.0,0.9727891156462585,0.7456196546554565,0.7569575905799866,9.0,0.8688415902204254
raw,legal_05_international,our_recurs_600,1.0,0.9319727891156463,0.7477409839630127,0.699945330619812,13.8,0.8449147759246177
raw,legal_05_international,page,0.0625,1.0,0.642170786857605,,8.2,
raw,legal_05_international,semantic,0.5,0.8503401360544217,0.6715655326843262,0.7141361832618713,7.9,0.6840104630001548
raw,legal_05_international,sentence,0.8936170212765957,0.9251700680272109,0.7540239095687866,0.7128108739852905,10.0,0.8214054682144709
raw,social_01_education,langch_recurs_1100,0.9719626168224299,0.9635761589403974,0.6577797532081604,0.7734925746917725,25.9,0.8417027759156901
raw,social_01_education,langch_recurs_default,0.7777777777777778,0.9801324503311258,0.6567878723144531,0.800847053527832,23.2,0.8038862884877972
raw,social_01_education,llm_regex,0.708502024291498,0.9470198675496688,,,,
raw,social_01_education,our_recurs_1100,1.0,0.9668874172185431,0.7604598999023438,0.7912099957466125,25.5,0.8796393282168748
raw,social_01_education,our_recurs_600,1.0,0.8642384105960265,0.7646214962005615,0.7269515991210938,39.1,0.8389528764794204
raw,social_01_education,page,0.023255813953488372,1.0,0.6959284543991089,0.8237290382385254,20.3,0.6357283266477807
raw,social_01_education,semantic,0.57,0.7814569536423841,0.736704409122467,0.6732279062271118,22.2,0.6903473172479907
raw,social_01_education,sentence,0.7938144329896907,0.8774834437086093,0.7618091106414795,0.7484262585639954,25.3,0.7953833114759437
raw,social_02_health,langch_recurs_1100,0.9622641509433962,0.9952153110047847,0.6404733061790466,0.7528563141822815,26.2,0.8377022705773772
raw,social_02_health,langch_recurs_default,0.7816091954022989,0.9952153110047847,0.624558687210083,0.7915404438972473,23.4,0.7982309093786035
raw,social_02_health,llm_regex,0.6109589041095891,0.9354066985645934,,,,
raw,social_02_health,our_recurs_1100,1.0,0.9856459330143541,0.7216414213180542,0.7758976817131042,26.2,0.8707962590113781
raw,social_02_health,our_recurs_600,0.9940828402366864,0.916267942583732,0.7215381264686584,0.6998749375343323,39.7,0.8329409617058523
raw,social_02_health,page,0.044444444444444446,1.0,0.6309468746185303,0.8502093553543091,11.3,0.6314001686043209
raw,social_02_health,semantic,0.6483516483516484,0.8373205741626795,0.7062496542930603,0.6949039101600647,19.5,0.7217064467418632
raw,social_02_health,sentence,0.8376068376068376,0.9090909090909091,0.7217844724655151,0.7305042147636414,27.0,0.7997466084817257
raw,social_03_development,langch_recurs_1100,0.9795918367346939,0.9795918367346939,0.6508871912956238,0.7641459703445435,25.7,0.8435542087773887
raw,social_03_development,langch_recurs_default,0.7590361445783133,1.0,0.6407373547554016,0.8103727698326111,22.4,0.8025365672915815
raw,social_03_development,llm_regex,0.7815699658703071,0.9329446064139941,,,,
raw,social_03_development,our_recurs_1100,1.0,0.9825072886297376,0.7468494772911072,0.785578727722168,23.9,0.8787338734107532
raw,social_03_development,our_recurs_600,0.9940828402366864,0.9183673469387755,0.7723508477210999,0.7045250535011292,37.5,0.8473315220994228
raw,social_03_development,page,0.0,1.0,0.6616738438606262,,9.2,
raw,social_03_development,semantic,0.5340909090909091,0.8367346938775511,0.7178892493247986,0.6979184150695801,17.4,0.6966583168407097
raw,social_03_development,sentence,0.8076923076923077,0.9008746355685131,0.7475548386573792,0.7356045842170715,23.7,0.7979315915338179
raw,tech_01_ai,langch_recurs_1100,0.8571428571428571,1.0,0.6671279072761536,0.7595431208610535,2.3,0.8209534713200161
raw,tech_01_ai,langch_recurs_default,0.4,1.0,0.6689617037773132,0.8283380270004272,1.6,0.7243249326944351
raw,tech_01_ai,llm_regex,0.625,1.0,,,,
raw,tech_01_ai,our_recurs_1100,1.0,1.0,0.802649199962616,0.7695761322975159,2.2,0.893056333065033
raw,tech_01_ai,our_recurs_600,1.0,0.8571428571428571,0.7790976762771606,0.6787056922912598,2.1,0.8287365564278194
raw,tech_01_ai,page,0.0,1.0,0.6530097126960754,,0.8,
raw,tech_01_ai,semantic,0.2857142857142857,0.8095238095238095,0.7034205198287964,0.6361653208732605,2.5,0.6087059839850381
raw,tech_01_ai,sentence,0.875,0.9047619047619048,0.7567178010940552,0.7105415463447571,1.9,0.8117553130501792
raw,tech_02_cyber,langch_recurs_1100,0.8571428571428571,1.0,0.6606432795524597,0.8154323101043701,1.5,0.8333046116999218
raw,tech_02_cyber,langch_recurs_default,0.8,1.0,0.6641325950622559,0.8519974946975708,1.4,0.8290325224399566
raw,tech_02_cyber,llm_regex,0.8333333333333334,1.0,,,,
raw,tech_02_cyber,our_recurs_1100,1.0,1.0,0.8005324602127075,0.8438386917114258,1.3,0.9110927879810333
raw,tech_02_cyber,our_recurs_600,1.0,0.8571428571428571,0.7699523568153381,0.7683229446411133,1.7,0.8488545396498272
raw,tech_02_cyber,page,0.0,1.0,0.7408342361450195,,0.7,
raw,tech_02_cyber,semantic,0.5,0.7142857142857143,0.7523577809333801,0.6854387521743774,2.3,0.663020561848368
raw,tech_02_cyber,sentence,0.6,0.9285714285714286,0.764837384223938,0.8492130637168884,1.9,0.7856554691280637
raw,tech_03_digital,langch_recurs_1100,0.8333333333333334,0.9523809523809523,0.667068600654602,0.806968092918396,1.5,0.8149377448218209
raw,tech_03_digital,langch_recurs_default,1.0,1.0,0.7082921266555786,0.8390737175941467,1.5,0.8868414610624313
raw,tech_03_digital,llm_regex,0.8,0.8571428571428571,,,,
raw,tech_03_digital,our_recurs_1100,1.0,0.9523809523809523,0.7321298122406006,0.8310134410858154,1.4,0.8788810514268421
raw,tech_03_digital,our_recurs_600,1.0,0.8571428571428571,0.7802157402038574,0.7281909584999084,1.7,0.8413873889616558
raw,tech_03_digital,page,0.0,1.0,0.6978471875190735,0.897445023059845,1.2,0.6488230526447296
raw,tech_03_digital,semantic,0.5,0.8095238095238095,0.7695152163505554,0.749229907989502,2.7,0.7070672334659667
raw,tech_03_digital,sentence,0.6666666666666666,0.9523809523809523,0.7376531362533569,0.784455418586731,1.7,0.7852890434719267
small_merged,legal_01_privacy,llm_regex,1.0,0.9951690821256038,0.7745031118392944,0.6158100962638855,17.4,0.8463705725571959
small_merged,legal_01_privacy,page,1.0,1.0,0.6830132603645325,0.7610654830932617,9.7,0.8610196858644485
small_merged,legal_01_privacy,semantic,1.0,0.8840579710144928,0.6994954943656921,0.6934393048286438,11.7,0.8192481925522072
small_merged,legal_01_privacy,sentence,1.0,0.961352657004831,0.7135819792747498,0.6740102767944336,12.0,0.8372362282685035
small_merged,legal_02_constitution,llm_regex,1.0,0.9703703703703703,0.7938362956047058,0.6511933207511902,13.9,0.8538499966815666
small_merged,legal_02_constitution,page,1.0,0.9629629629629629,0.6940409541130066,0.7760879397392273,10.4,0.8582729642037992
small_merged,legal_02_constitution,semantic,0.9772727272727273,0.8296296296296296,0.7056925296783447,0.7565173506736755,9.8,0.8172780593135943
small_merged,legal_02_constitution,sentence,1.0,0.9037037037037037,0.7322386503219604,0.7225751876831055,10.4,0.8396293854271923
small_merged,legal_03_civil,llm_regex,0.9873417721518988,0.9797297297297297,0.7838372588157654,0.6481905579566956,12.5,0.8497748296635224
small_merged,legal_03_civil,page,0.9761904761904762,0.9797297297297297,0.695838451385498,0.7398516535758972,9.2,0.8479025777204003
small_merged,legal_03_civil,semantic,1.0,0.8918918918918919,0.7128803730010986,0.735462486743927,9.2,0.8350586879092294
small_merged,legal_03_civil,sentence,1.0,0.8986486486486487,0.7320085763931274,0.6877663731575012,12.3,0.8296058995498193
small_merged,legal_04_criminal,llm_regex,1.0,0.9649122807017544,0.7904674410820007,0.796774685382843,12.2,0.8880386017916495
small_merged,legal_04_criminal,page,1.0,0.9824561403508771,0.8149978518486023,0.8339495062828064,9.3,0.9078508746205715
small_merged,legal_04_criminal,semantic,1.0,0.8157894736842105,0.793694257736206,0.8130958080291748,10.2,0.8556448848623979
small_merged,legal_04_criminal,sentence,1.0,0.8070175438596491,0.8226841688156128,0.8178677558898926,12.1,0.8618923671412886
small_merged,legal_05_international,llm_regex,1.0,0.9795918367346939,0.8128471374511719,0.6493973731994629,15.6,0.8604590868463322
small_merged,legal_05_international,page,0.972972972972973,0.9863945578231292,0.7461989521980286,0.7443207502365112,9.5,0.8624718083076606
small_merged,legal_05_international,semantic,0.9761904761904762,0.8503401360544217,0.729763925075531,0.7204633951187134,9.2,0.8191894831097856
small_merged,legal_05_international,sentence,1.0,0.9251700680272109,0.7610509991645813,0.708757221698761,11.2,0.8487445722226383
small_merged,social_01_education,llm_regex,1.0,0.9801324503311258,0.8279709815979004,0.6795894503593445,39.2,0.8719232205720927
small_merged,social_01_education,page,1.0,0.9668874172185431,0.7597510814666748,0.787155270576477,24.8,0.8784484423154237
small_merged,social_01_education,semantic,1.0,0.7748344370860927,0.7654305100440979,0.7434796690940857,27.8,0.8209361540560691
small_merged,social_01_education,sentence,0.9916666666666667,0.8708609271523179,0.7768767476081848,0.7537338137626648,28.8,0.8482845387974586
small_merged,social_02_health,llm_regex,1.0,0.9952153110047847,0.8069003224372864,0.6381783485412598,46.0,0.8600734954958327
small_merged,social_02_health,page,1.0,0.9904306220095693,0.7316271662712097,0.7600281238555908,27.0,0.8705214780340924
small_merged,social_02_health,semantic,0.9917355371900827,0.8444976076555024,0.7305645942687988,0.7320841550827026,28.9,0.8247204735492717
small_merged,social_02_health,sentence,1.0,0.9066985645933014,0.7344927787780762,0.720036506652832,30.0,0.8403069625060524
small_merged,social_03_development,llm_regex,1.0,1.0,0.8258447051048279,0.6458658576011658,43.3,0.8679276406764984
small_merged,social_03_development,page,1.0,0.9941690962099126,0.7497345805168152,0.7791051864624023,25.2,0.8807522157972825
small_merged,social_03_development,semantic,1.0,0.8279883381924198,0.7544889450073242,0.7244653105735779,26.5,0.8267356484433305
small_merged,social_03_development,sentence,0.9919354838709677,0.8979591836734694,0.7567607164382935,0.7322236895561218,27.3,0.8447197683847131
small_merged,tech_01_ai,llm_regex,1.0,1.0,0.8376465439796448,0.7094582915306091,1.8,0.8867762088775635
small_merged,tech_01_ai,page,1.0,1.0,0.7712558507919312,0.7637333273887634,1.5,0.8837472945451736
small_merged,tech_01_ai,semantic,1.0,0.8571428571428571,0.7914888858795166,0.7536588311195374,1.7,0.8505726435354778
small_merged,tech_01_ai,sentence,1.0,0.9047619047619048,0.7599010467529297,0.7069582343101501,2.0,0.8429052964562461
small_merged,tech_02_cyber,llm_regex,1.0,1.0,0.8431246876716614,0.7554263472557068,1.8,0.899637758731842
small_merged,tech_02_cyber,page,1.0,1.0,0.8120723366737366,0.7925074696540833,1.7,0.901144951581955
small_merged,tech_02_cyber,semantic,1.0,0.7142857142857143,0.7851908206939697,0.7713403105735779,2.0,0.8177042113883155
small_merged,tech_02_cyber,sentence,1.0,0.9285714285714286,0.7658650279045105,0.7846734523773193,1.7,0.8697774772133147
small_merged,tech_03_digital,llm_regex,1.0,1.0,0.8181729316711426,0.685784637928009,2.1,0.8759893923997879
small_merged,tech_03_digital,page,1.0,0.9523809523809523,0.7354001998901367,0.7801380157470703,1.5,0.8669797920045399
small_merged,tech_03_digital,semantic,1.0,0.7619047619047619,0.7600939273834229,0.7352167367935181,1.8,0.8143038565204257
small_merged,tech_03_digital,sentence,1.0,1.0,0.771982729434967,0.7927628755569458,1.5,0.8911864012479782
