doc_name,method,four_metric_proxy
tech_02_cyber,our_recurs_1100,0.9110927879810333
legal_04_criminal,page,0.9078508746205715
tech_01_ai,our_recurs_1100,0.893056333065033
social_03_development,page,0.8807522157972825
social_01_education,our_recurs_1100,0.8796393282168748
tech_03_digital,our_recurs_1100,0.8788810514268421
social_02_health,our_recurs_1100,0.8707962590113781
legal_05_international,our_recurs_1100,0.8688415902204254
legal_01_privacy,page,0.8610196858644485
legal_02_constitution,our_recurs_1100,0.8600525350482375
legal_03_civil,our_recurs_1100,0.8508981897218808
